<?xml version="1.0" encoding="UTF-8"?>
<exp:Export Version="3.0"
    xmlns:L7p="http://www.layer7tech.com/ws/policy"
    xmlns:exp="http://www.layer7tech.com/ws/policy/export" xmlns:wsp="http://schemas.xmlsoap.org/ws/2002/12/policy">
    <exp:References>
        <EncapsulatedAssertionReference RefType="com.l7tech.console.policy.exporter.EncapsulatedAssertionReference">
            <Name>MAG OTP Configuration</Name>
            <Guid>ae2e93d4-1acf-4931-b01a-8f52407756d6</Guid>
        </EncapsulatedAssertionReference>
        <EncapsulatedAssertionReference RefType="com.l7tech.console.policy.exporter.EncapsulatedAssertionReference">
            <Name>OTK Require SSL (with Client Certificate)</Name>
            <Guid>47f768f4-b478-472b-a1ee-10f4b6e76f99</Guid>
        </EncapsulatedAssertionReference>
        <EncapsulatedAssertionReference RefType="com.l7tech.console.policy.exporter.EncapsulatedAssertionReference">
            <Name>MSSO Require Registered Device - Mutual SSL</Name>
            <Guid>ce9faafc-7d76-4818-9c56-0bb9a4b68e9c</Guid>
        </EncapsulatedAssertionReference>
        <EncapsulatedAssertionReference RefType="com.l7tech.console.policy.exporter.EncapsulatedAssertionReference">
            <Name>OTK Require OAuth 2.0 Token</Name>
            <Guid>393bcb93-82ad-4b55-8333-1119f607a560</Guid>
        </EncapsulatedAssertionReference>
    </exp:References>
    <wsp:Policy xmlns:L7p="http://www.layer7tech.com/ws/policy" xmlns:wsp="http://schemas.xmlsoap.org/ws/2002/12/policy">
        <wsp:All wsp:Usage="Required">
            <L7p:CommentAssertion>
                <L7p:Comment stringValue="************************************************************"/>
            </L7p:CommentAssertion>
            <L7p:CommentAssertion>
                <L7p:Comment stringValue="API :- GET ASSET - REST to SOAP CALL"/>
            </L7p:CommentAssertion>
            <L7p:CommentAssertion>
                <L7p:Comment stringValue="API Group :- XSM"/>
            </L7p:CommentAssertion>
            <L7p:CommentAssertion>
                <L7p:Comment stringValue="API TYPE :- REST"/>
            </L7p:CommentAssertion>
            <L7p:CommentAssertion>
                <L7p:Comment stringValue="Author: Balaji Radhakrishnan"/>
            </L7p:CommentAssertion>
            <L7p:CommentAssertion>
                <L7p:Comment stringValue="************************************************************"/>
            </L7p:CommentAssertion>
            <wsp:OneOrMore wsp:Usage="Required">
                <wsp:All wsp:Usage="Required">
                    <L7p:Encapsulated>
                        <L7p:EncapsulatedAssertionConfigGuid stringValue="ae2e93d4-1acf-4931-b01a-8f52407756d6"/>
                        <L7p:EncapsulatedAssertionConfigName stringValue="MAG OTP Configuration"/>
                    </L7p:Encapsulated>
                    <L7p:Encapsulated>
                        <L7p:EncapsulatedAssertionConfigGuid stringValue="47f768f4-b478-472b-a1ee-10f4b6e76f99"/>
                        <L7p:EncapsulatedAssertionConfigName stringValue="OTK Require SSL (with Client Certificate)"/>
                        <L7p:Parameters mapValue="included">
                            <L7p:entry>
                                <L7p:key stringValue="apiPrefix"/>
                                <L7p:value stringValue=""/>
                            </L7p:entry>
                            <L7p:entry>
                                <L7p:key stringValue="requireClientCert"/>
                                <L7p:value stringValue="false"/>
                            </L7p:entry>
                        </L7p:Parameters>
                    </L7p:Encapsulated>
                    <L7p:Encapsulated>
                        <L7p:EncapsulatedAssertionConfigGuid stringValue="ce9faafc-7d76-4818-9c56-0bb9a4b68e9c"/>
                        <L7p:EncapsulatedAssertionConfigName stringValue="MSSO Require Registered Device - Mutual SSL"/>
                        <L7p:Parameters mapValue="included">
                            <L7p:entry>
                                <L7p:key stringValue="lookupDevice"/>
                                <L7p:value stringValue="true"/>
                            </L7p:entry>
                        </L7p:Parameters>
                    </L7p:Encapsulated>
                    <L7p:Encapsulated>
                        <L7p:EncapsulatedAssertionConfigGuid stringValue="393bcb93-82ad-4b55-8333-1119f607a560"/>
                        <L7p:EncapsulatedAssertionConfigName stringValue="OTK Require OAuth 2.0 Token"/>
                        <L7p:Parameters mapValue="included">
                            <L7p:entry>
                                <L7p:key stringValue="cache_lifetime"/>
                                <L7p:value stringValue="30"/>
                            </L7p:entry>
                            <L7p:entry>
                                <L7p:key stringValue="given_access_token"/>
                                <L7p:value stringValue=""/>
                            </L7p:entry>
                            <L7p:entry>
                                <L7p:key stringValue="onetime"/>
                                <L7p:value stringValue="false"/>
                            </L7p:entry>
                            <L7p:entry>
                                <L7p:key stringValue="scope_fail"/>
                                <L7p:value stringValue="false"/>
                            </L7p:entry>
                            <L7p:entry>
                                <L7p:key stringValue="scope_required"/>
                                <L7p:value stringValue=""/>
                            </L7p:entry>
                        </L7p:Parameters>
                    </L7p:Encapsulated>
                    <L7p:assertionComment>
                        <L7p:Properties mapValue="included">
                            <L7p:entry>
                                <L7p:key stringValue="LEFT.COMMENT"/>
                                <L7p:value stringValue="MOBILE VALIDATION"/>
                            </L7p:entry>
                            <L7p:entry>
                                <L7p:key stringValue="RIGHT.COMMENT"/>
                                <L7p:value stringValue="//Validate Trust for Mobile Channel"/>
                            </L7p:entry>
                        </L7p:Properties>
                    </L7p:assertionComment>
                </wsp:All>
                <wsp:All wsp:Usage="Required">
                    <L7p:Encapsulated>
                        <L7p:EncapsulatedAssertionConfigGuid stringValue="393bcb93-82ad-4b55-8333-1119f607a560"/>
                        <L7p:EncapsulatedAssertionConfigName stringValue="OTK Require OAuth 2.0 Token"/>
                        <L7p:Parameters mapValue="included">
                            <L7p:entry>
                                <L7p:key stringValue="cache_lifetime"/>
                                <L7p:value stringValue="30"/>
                            </L7p:entry>
                            <L7p:entry>
                                <L7p:key stringValue="given_access_token"/>
                                <L7p:value stringValue=""/>
                            </L7p:entry>
                            <L7p:entry>
                                <L7p:key stringValue="onetime"/>
                                <L7p:value stringValue="false"/>
                            </L7p:entry>
                            <L7p:entry>
                                <L7p:key stringValue="scope_fail"/>
                                <L7p:value stringValue="false"/>
                            </L7p:entry>
                            <L7p:entry>
                                <L7p:key stringValue="scope_required"/>
                                <L7p:value stringValue=""/>
                            </L7p:entry>
                        </L7p:Parameters>
                    </L7p:Encapsulated>
                    <L7p:assertionComment>
                        <L7p:Properties mapValue="included">
                            <L7p:entry>
                                <L7p:key stringValue="LEFT.COMMENT"/>
                                <L7p:value stringValue="WEB CHANNEL"/>
                            </L7p:entry>
                            <L7p:entry>
                                <L7p:key stringValue="RIGHT.COMMENT"/>
                                <L7p:value stringValue="//web channel OTLK Validation"/>
                            </L7p:entry>
                        </L7p:Properties>
                    </L7p:assertionComment>
                </wsp:All>
                <wsp:All wsp:Usage="Required">
                    <L7p:CustomizeErrorResponse>
                        <L7p:Content stringValueReference="inline"><![CDATA[{
	"Exception" : "Authentication Failed",
	"Description": "OAuth Token missing or User not found"
}]]></L7p:Content>
                        <L7p:ExtraHeaders nameValuePairArray="included"/>
                    </L7p:CustomizeErrorResponse>
                    <L7p:RaiseError/>
                    <L7p:assertionComment>
                        <L7p:Properties mapValue="included">
                            <L7p:entry>
                                <L7p:key stringValue="LEFT.COMMENT"/>
                                <L7p:value stringValue="EXCEPTION"/>
                            </L7p:entry>
                            <L7p:entry>
                                <L7p:key stringValue="RIGHT.COMMENT"/>
                                <L7p:value stringValue="//Authentication Failed."/>
                            </L7p:entry>
                        </L7p:Properties>
                    </L7p:assertionComment>
                </wsp:All>
                <L7p:assertionComment>
                    <L7p:Properties mapValue="included">
                        <L7p:entry>
                            <L7p:key stringValue="LEFT.COMMENT"/>
                            <L7p:value stringValue="MSSO PROTECTION"/>
                        </L7p:entry>
                        <L7p:entry>
                            <L7p:key stringValue="RIGHT.COMMENT"/>
                            <L7p:value stringValue="// Mobile Protection, validate trust"/>
                        </L7p:entry>
                    </L7p:Properties>
                </L7p:assertionComment>
            </wsp:OneOrMore>
            <wsp:OneOrMore wsp:Usage="Required">
                <wsp:All wsp:Usage="Required">
                    <L7p:HttpRoutingAssertion>
                        <L7p:HttpMethod httpMethod="POST"/>
                        <L7p:ProtectedServiceUrl stringValue="https://dev.ca.com:8443/rest/sfdc/token?username=sapapimanagement@xerox.com.dev37&amp;client_secret=8859246108448367856&amp;client_id=3MVG9w8uXui2aB_r4a69duSz8Jj9GRwc.ZFnycnoSrkKnVmPOMKc.bhTSBEEnTLDN5dd4uhx6lfQH.gRzABak&amp;grant_type=password&amp;password=CAdemo123!5aIAk9ViDqVnBuIR2MedN4Yt"/>
                        <L7p:ProxyPassword stringValueNull="null"/>
                        <L7p:ProxyUsername stringValueNull="null"/>
                        <L7p:RequestHeaderRules httpPassthroughRuleSet="included">
                            <L7p:ForwardAll booleanValue="true"/>
                            <L7p:Rules httpPassthroughRules="included">
                                <L7p:item httpPassthroughRule="included">
                                    <L7p:Name stringValue="Cookie"/>
                                </L7p:item>
                                <L7p:item httpPassthroughRule="included">
                                    <L7p:Name stringValue="SOAPAction"/>
                                </L7p:item>
                            </L7p:Rules>
                        </L7p:RequestHeaderRules>
                        <L7p:RequestParamRules httpPassthroughRuleSet="included">
                            <L7p:ForwardAll booleanValue="true"/>
                            <L7p:Rules httpPassthroughRules="included"/>
                        </L7p:RequestParamRules>
                        <L7p:ResponseHeaderRules httpPassthroughRuleSet="included">
                            <L7p:ForwardAll booleanValue="true"/>
                            <L7p:Rules httpPassthroughRules="included">
                                <L7p:item httpPassthroughRule="included">
                                    <L7p:Name stringValue="Set-Cookie"/>
                                </L7p:item>
                            </L7p:Rules>
                        </L7p:ResponseHeaderRules>
                        <L7p:SamlAssertionVersion intValue="2"/>
                    </L7p:HttpRoutingAssertion>
                    <L7p:EvaluateJsonPathExpression>
                        <L7p:Expression stringValue="$.access_token"/>
                        <L7p:Target target="RESPONSE"/>
                        <L7p:VariablePrefix stringValue="token"/>
                    </L7p:EvaluateJsonPathExpression>
                    <L7p:SetVariable>
                        <L7p:Base64Expression stringValue="QmVhcmVyICR7dG9rZW4ucmVzdWx0fQ=="/>
                        <L7p:VariableToSet stringValue="authToken"/>
                    </L7p:SetVariable>
                    <L7p:AddHeader>
                        <L7p:HeaderName stringValue="Authorization"/>
                        <L7p:HeaderValue stringValue="${authToken}"/>
                        <L7p:RemoveExisting booleanValue="true"/>
                    </L7p:AddHeader>
                </wsp:All>
                <wsp:All wsp:Usage="Required">
                    <L7p:CustomizeErrorResponse>
                        <L7p:Content stringValueReference="inline"><![CDATA[{
	"Exception" : "Route Failure",
	"Description": "Please verify url and specification and try again"
}]]></L7p:Content>
                        <L7p:ExtraHeaders nameValuePairArray="included"/>
                    </L7p:CustomizeErrorResponse>
                    <L7p:RaiseError/>
                    <L7p:assertionComment>
                        <L7p:Properties mapValue="included">
                            <L7p:entry>
                                <L7p:key stringValue="LEFT.COMMENT"/>
                                <L7p:value stringValue="EXCEPTION"/>
                            </L7p:entry>
                            <L7p:entry>
                                <L7p:key stringValue="RIGHT.COMMENT"/>
                                <L7p:value stringValue="//Exception specific to Route"/>
                            </L7p:entry>
                        </L7p:Properties>
                    </L7p:assertionComment>
                </wsp:All>
                <L7p:assertionComment>
                    <L7p:Properties mapValue="included">
                        <L7p:entry>
                            <L7p:key stringValue="LEFT.COMMENT"/>
                            <L7p:value stringValue="TOKEN RETRIEVAL"/>
                        </L7p:entry>
                        <L7p:entry>
                            <L7p:key stringValue="RIGHT.COMMENT"/>
                            <L7p:value stringValue="// Route to local endpoint for token retrieval."/>
                        </L7p:entry>
                    </L7p:Properties>
                </L7p:assertionComment>
            </wsp:OneOrMore>
            <wsp:OneOrMore wsp:Usage="Required">
                <wsp:All wsp:Usage="Required">
                    <L7p:HttpRoutingAssertion>
                        <L7p:FailOnErrorStatus booleanValue="false"/>
                        <L7p:ProtectedServiceUrl stringValue="https://xerox--dev37.cs83.my.salesforce.com/services/data/v41.0/query/${request.url.query}"/>
                        <L7p:ProxyPassword stringValueNull="null"/>
                        <L7p:ProxyUsername stringValueNull="null"/>
                        <L7p:RequestHeaderRules httpPassthroughRuleSet="included">
                            <L7p:ForwardAll booleanValue="true"/>
                            <L7p:Rules httpPassthroughRules="included">
                                <L7p:item httpPassthroughRule="included">
                                    <L7p:Name stringValue="Cookie"/>
                                </L7p:item>
                                <L7p:item httpPassthroughRule="included">
                                    <L7p:Name stringValue="SOAPAction"/>
                                </L7p:item>
                                <L7p:item httpPassthroughRule="included">
                                    <L7p:CustomizeValue stringValue="${token.result}"/>
                                    <L7p:Name stringValue="Authorization"/>
                                    <L7p:UsesCustomizedValue booleanValue="true"/>
                                </L7p:item>
                            </L7p:Rules>
                        </L7p:RequestHeaderRules>
                        <L7p:RequestParamRules httpPassthroughRuleSet="included">
                            <L7p:ForwardAll booleanValue="true"/>
                            <L7p:Rules httpPassthroughRules="included"/>
                        </L7p:RequestParamRules>
                        <L7p:ResponseHeaderRules httpPassthroughRuleSet="included">
                            <L7p:ForwardAll booleanValue="true"/>
                            <L7p:Rules httpPassthroughRules="included">
                                <L7p:item httpPassthroughRule="included">
                                    <L7p:Name stringValue="Set-Cookie"/>
                                </L7p:item>
                            </L7p:Rules>
                        </L7p:ResponseHeaderRules>
                        <L7p:SamlAssertionVersion intValue="2"/>
                    </L7p:HttpRoutingAssertion>
                </wsp:All>
                <wsp:All wsp:Usage="Required">
                    <L7p:CustomizeErrorResponse>
                        <L7p:Content stringValueReference="inline"><![CDATA[{
	"Exception" : "Route Failure",
	"Description": "Please verify url and specification and try again"
}]]></L7p:Content>
                        <L7p:ExtraHeaders nameValuePairArray="included"/>
                    </L7p:CustomizeErrorResponse>
                    <L7p:RaiseError/>
                    <L7p:assertionComment>
                        <L7p:Properties mapValue="included">
                            <L7p:entry>
                                <L7p:key stringValue="LEFT.COMMENT"/>
                                <L7p:value stringValue="EXCEPTION"/>
                            </L7p:entry>
                            <L7p:entry>
                                <L7p:key stringValue="RIGHT.COMMENT"/>
                                <L7p:value stringValue="//Exception specific to Route"/>
                            </L7p:entry>
                        </L7p:Properties>
                    </L7p:assertionComment>
                </wsp:All>
                <L7p:assertionComment>
                    <L7p:Properties mapValue="included">
                        <L7p:entry>
                            <L7p:key stringValue="LEFT.COMMENT"/>
                            <L7p:value stringValue="SFDC QUERY"/>
                        </L7p:entry>
                        <L7p:entry>
                            <L7p:key stringValue="RIGHT.COMMENT"/>
                            <L7p:value stringValue="// SFDC Query with received token"/>
                        </L7p:entry>
                    </L7p:Properties>
                </L7p:assertionComment>
            </wsp:OneOrMore>
        </wsp:All>
    </wsp:Policy>
</exp:Export>
