<?xml version="1.0" encoding="UTF-8"?>
<exp:Export Version="3.0"
    xmlns:L7p="http://www.layer7tech.com/ws/policy"
    xmlns:exp="http://www.layer7tech.com/ws/policy/export" xmlns:wsp="http://schemas.xmlsoap.org/ws/2002/12/policy">
    <exp:References/>
    <wsp:Policy xmlns:L7p="http://www.layer7tech.com/ws/policy" xmlns:wsp="http://schemas.xmlsoap.org/ws/2002/12/policy">
        <wsp:All wsp:Usage="Required">
            <L7p:CommentAssertion>
                <L7p:Comment stringValue="************************************************************"/>
            </L7p:CommentAssertion>
            <L7p:CommentAssertion>
                <L7p:Comment stringValue="API :- GET ASSET - REST to SOAP CALL"/>
            </L7p:CommentAssertion>
            <L7p:CommentAssertion>
                <L7p:Comment stringValue="API Group :- XSM"/>
            </L7p:CommentAssertion>
            <L7p:CommentAssertion>
                <L7p:Comment stringValue="API TYPE :- REST"/>
            </L7p:CommentAssertion>
            <L7p:CommentAssertion>
                <L7p:Comment stringValue="Author: Balaji Radhakrishnan"/>
            </L7p:CommentAssertion>
            <L7p:CommentAssertion>
                <L7p:Comment stringValue="************************************************************"/>
            </L7p:CommentAssertion>
            <wsp:OneOrMore wsp:Usage="Required">
                <wsp:All wsp:Usage="Required">
                    <L7p:HttpRoutingAssertion>
                        <L7p:FailOnErrorStatus booleanValue="false"/>
                        <L7p:ProtectedServiceUrl stringValue=" https://xerox--dev37.cs83.my.salesforce.com/services/oauth2/token${request.url.query}"/>
                        <L7p:ProxyPassword stringValueNull="null"/>
                        <L7p:ProxyUsername stringValueNull="null"/>
                        <L7p:RequestHeaderRules httpPassthroughRuleSet="included">
                            <L7p:ForwardAll booleanValue="true"/>
                            <L7p:Rules httpPassthroughRules="included">
                                <L7p:item httpPassthroughRule="included">
                                    <L7p:Name stringValue="Cookie"/>
                                </L7p:item>
                                <L7p:item httpPassthroughRule="included">
                                    <L7p:Name stringValue="SOAPAction"/>
                                </L7p:item>
                            </L7p:Rules>
                        </L7p:RequestHeaderRules>
                        <L7p:RequestParamRules httpPassthroughRuleSet="included">
                            <L7p:ForwardAll booleanValue="true"/>
                            <L7p:Rules httpPassthroughRules="included"/>
                        </L7p:RequestParamRules>
                        <L7p:ResponseHeaderRules httpPassthroughRuleSet="included">
                            <L7p:ForwardAll booleanValue="true"/>
                            <L7p:Rules httpPassthroughRules="included">
                                <L7p:item httpPassthroughRule="included">
                                    <L7p:Name stringValue="Set-Cookie"/>
                                </L7p:item>
                            </L7p:Rules>
                        </L7p:ResponseHeaderRules>
                        <L7p:SamlAssertionVersion intValue="2"/>
                    </L7p:HttpRoutingAssertion>
                </wsp:All>
                <wsp:All wsp:Usage="Required">
                    <L7p:CustomizeErrorResponse>
                        <L7p:Content stringValueReference="inline"><![CDATA[{
	"Exception" : "Route Failure",
	"Description": "Please verify url and specification and try again"
}]]></L7p:Content>
                        <L7p:ExtraHeaders nameValuePairArray="included"/>
                    </L7p:CustomizeErrorResponse>
                    <L7p:RaiseError/>
                    <L7p:assertionComment>
                        <L7p:Properties mapValue="included">
                            <L7p:entry>
                                <L7p:key stringValue="LEFT.COMMENT"/>
                                <L7p:value stringValue="EXCEPTION"/>
                            </L7p:entry>
                            <L7p:entry>
                                <L7p:key stringValue="RIGHT.COMMENT"/>
                                <L7p:value stringValue="//Exception specific to Route"/>
                            </L7p:entry>
                        </L7p:Properties>
                    </L7p:assertionComment>
                </wsp:All>
                <L7p:assertionComment>
                    <L7p:Properties mapValue="included">
                        <L7p:entry>
                            <L7p:key stringValue="LEFT.COMMENT"/>
                            <L7p:value stringValue="ROUTE"/>
                        </L7p:entry>
                        <L7p:entry>
                            <L7p:key stringValue="RIGHT.COMMENT"/>
                            <L7p:value stringValue="//Routing to backend service"/>
                        </L7p:entry>
                    </L7p:Properties>
                </L7p:assertionComment>
            </wsp:OneOrMore>
        </wsp:All>
    </wsp:Policy>
</exp:Export>
