<?xml version="1.0" encoding="UTF-8"?>
<exp:Export Version="3.0"
    xmlns:L7p="http://www.layer7tech.com/ws/policy"
    xmlns:exp="http://www.layer7tech.com/ws/policy/export" xmlns:wsp="http://schemas.xmlsoap.org/ws/2002/12/policy">
    <exp:References/>
    <wsp:Policy xmlns:L7p="http://www.layer7tech.com/ws/policy" xmlns:wsp="http://schemas.xmlsoap.org/ws/2002/12/policy">
        <wsp:All wsp:Usage="Required">
            <L7p:HttpRoutingAssertion>
                <L7p:FailOnErrorStatus booleanValue="false"/>
                <L7p:ProtectedServiceUrl stringValue="https://staging1integrations.services.xerox.com/Hdiapi/CCPQService.svc"/>
                <L7p:ProxyPassword stringValueNull="null"/>
                <L7p:ProxyUsername stringValueNull="null"/>
                <L7p:RequestHeaderRules httpPassthroughRuleSet="included">
                    <L7p:Rules httpPassthroughRules="included">
                        <L7p:item httpPassthroughRule="included">
                            <L7p:Name stringValue="Cookie"/>
                        </L7p:item>
                        <L7p:item httpPassthroughRule="included">
                            <L7p:Name stringValue="SOAPAction"/>
                        </L7p:item>
                    </L7p:Rules>
                </L7p:RequestHeaderRules>
                <L7p:RequestParamRules httpPassthroughRuleSet="included">
                    <L7p:ForwardAll booleanValue="true"/>
                    <L7p:Rules httpPassthroughRules="included"/>
                </L7p:RequestParamRules>
                <L7p:ResponseHeaderRules httpPassthroughRuleSet="included">
                    <L7p:Rules httpPassthroughRules="included">
                        <L7p:item httpPassthroughRule="included">
                            <L7p:Name stringValue="Set-Cookie"/>
                        </L7p:item>
                    </L7p:Rules>
                </L7p:ResponseHeaderRules>
            </L7p:HttpRoutingAssertion>
        </wsp:All>
    </wsp:Policy>
</exp:Export>
