<?xml version="1.0" encoding="UTF-8"?>
<exp:Export Version="3.0"
    xmlns:L7p="http://www.layer7tech.com/ws/policy"
    xmlns:exp="http://www.layer7tech.com/ws/policy/export" xmlns:wsp="http://schemas.xmlsoap.org/ws/2002/12/policy">
    <exp:References>
        <PrivateKeyReference RefType="com.l7tech.console.policy.exporter.PrivateKeyReference">
            <IsDefaultKey>false</IsDefaultKey>
            <KeystoreOID>00000000000000000000000000000002</KeystoreOID>
            <KeyAlias>xeroxout</KeyAlias>
        </PrivateKeyReference>
    </exp:References>
    <wsp:Policy xmlns:L7p="http://www.layer7tech.com/ws/policy" xmlns:wsp="http://schemas.xmlsoap.org/ws/2002/12/policy">
        <wsp:All wsp:Usage="Required">
            <L7p:HttpRoutingAssertion>
                <L7p:KeyAlias stringValue="xeroxout"/>
                <L7p:NonDefaultKeystoreId goidValue="00000000000000000000000000000002"/>
                <L7p:ProtectedServiceUrl stringValue="https://gatestage.websrvs.xerox.com:9443/dvn1/xrxapi/XrxOut1"/>
                <L7p:RequestHeaderRules httpPassthroughRuleSet="included">
                    <L7p:Rules httpPassthroughRules="included">
                        <L7p:item httpPassthroughRule="included">
                            <L7p:Name stringValue="Cookie"/>
                        </L7p:item>
                        <L7p:item httpPassthroughRule="included">
                            <L7p:Name stringValue="SOAPAction"/>
                        </L7p:item>
                    </L7p:Rules>
                </L7p:RequestHeaderRules>
                <L7p:RequestParamRules httpPassthroughRuleSet="included">
                    <L7p:ForwardAll booleanValue="true"/>
                    <L7p:Rules httpPassthroughRules="included"/>
                </L7p:RequestParamRules>
                <L7p:ResponseHeaderRules httpPassthroughRuleSet="included">
                    <L7p:Rules httpPassthroughRules="included">
                        <L7p:item httpPassthroughRule="included">
                            <L7p:Name stringValue="Set-Cookie"/>
                        </L7p:item>
                    </L7p:Rules>
                </L7p:ResponseHeaderRules>
                <L7p:UsesDefaultKeyStore booleanValue="false"/>
            </L7p:HttpRoutingAssertion>
        </wsp:All>
    </wsp:Policy>
</exp:Export>
